case,q,quadrature_objective,exact_residual_l2_sq,overintegrated_certificate,endpoint_left,endpoint_right,max_abs_residual_at_nodes,classification
gauss_node_aliasing,2,1.8488927466117464e-32,0.4,0.4,0.0,-1.1102230246251565e-16,5.551115123125783e-17,quadrature_aliasing_failure
gauss_node_aliasing,3,1.2325951644078312e-31,0.2857142857142857,0.2857142857142857,0.0,0.0,3.3306690738754696e-16,quadrature_aliasing_failure
gauss_node_aliasing,4,1.6513420505908716e-32,0.2222222222222222,0.22222222222222207,0.0,-8.326672684688674e-17,1.1102230246251565e-16,quadrature_aliasing_failure
gauss_node_aliasing,5,5.840698656769378e-33,0.18181818181818182,0.1818181818181817,0.0,0.0,1.1102230246251565e-16,quadrature_aliasing_failure
gauss_node_aliasing,8,1.519919397122216e-31,0.11764705882352941,0.11764705882352948,0.0,4.85722573273506e-17,7.771561172376096e-16,quadrature_aliasing_failure
gauss_node_aliasing,12,8.245087326177372e-32,0.08,0.07999999999999999,0.0,0.0,4.996003610813204e-16,quadrature_aliasing_failure
gauss_node_aliasing,16,2.8759285306194056e-31,0.06060606060606061,0.06060606060606053,0.0,-5.551115123125783e-17,1.887379141862766e-15,quadrature_aliasing_failure
gauss_node_aliasing,24,3.72666679977283e-31,0.04081632653061224,0.04081632653061232,0.0,4.163336342344337e-17,2.55351295663786e-15,quadrature_aliasing_failure
gauss_node_aliasing,32,9.376360946201322e-31,0.03076923076923077,0.030769230769230754,0.0,-1.0842021724855044e-17,2.886579864025407e-15,quadrature_aliasing_failure
