case,epsilon,s,l2_norm,hminus_objective,local_l2_certificate,linf_certificate,mean_abs,classification
mean_zero_localized_defect,0.16,1.0,0.9999999999999999,0.009401822022571345,0.9999999999999999,2.1849574472599667,5.551115123125783e-17,failure
mean_zero_localized_defect,0.12,1.0,1.0,0.005820299278629072,1.0,2.522971540686839,0.0,failure
mean_zero_localized_defect,0.09,1.0,1.0,0.0035010933233488952,1.0,2.913276705519168,0.0,failure
mean_zero_localized_defect,0.0675,1.0,1.0,0.002066204370531079,1.0,3.363961340132408,0.0,failure
mean_zero_localized_defect,0.05,1.0,0.9999999999999999,0.0011753983681581364,0.9999999999999999,3.908570766903313,0.0,failure
mean_zero_localized_defect,0.0375,1.0,1.0,0.0006780190896500807,1.0,4.51322844072472,0.0,failure
mean_zero_localized_defect,0.028125,1.0,1.0,0.00038853322110470674,1.0,5.21142349962367,0.0,failure
